Location,Name,Frequency,Duplex,Offset,Tone,rToneFreq,cToneFreq,DtcsCode,DtcsPolarity,RxDtcsCode,CrossMode,Mode,TStep,Skip,Power,Comment,URCALL,RPT1CALL,RPT2CALL,DVCODE
1,R0,145.600000,-,0.600000,,88.5,88.5,023,NN,023,Tone->Tone,FM,5.00,,50W,,,,,
2,R1,145.625000,-,0.600000,,88.5,88.5,023,NN,023,Tone->Tone,FM,5.00,,50W,,,,,
3,R2,145.650000,-,0.600000,,88.5,88.5,023,NN,023,Tone->Tone,FM,5.00,,50W,,,,,
4,R3,145.675000,-,0.600000,,88.5,88.5,023,NN,023,Tone->Tone,FM,5.00,,50W,,,,,
5,R4,145.700000,-,0.600000,,88.5,88.5,023,NN,023,Tone->Tone,FM,5.00,,50W,,,,,
6,R5,145.725000,-,0.600000,,88.5,88.5,023,NN,023,Tone->Tone,FM,5.00,,50W,,,,,
7,R6,145.750000,-,0.600000,,88.5,88.5,023,NN,023,Tone->Tone,FM,5.00,,50W,,,,,
8,R7,145.775000,-,0.600000,,88.5,88.5,023,NN,023,Tone->Tone,FM,5.00,,50W,,,,,
9,R3X,145.687500,-,0.600000,,88.5,88.5,023,NN,023,Tone->Tone,FM,5.00,,50W,,,,,
10,R6X VIZ,145.762500,-,0.600000,,88.5,88.5,023,NN,023,Tone->Tone,FM,5.00,,50W,,,,,
11,R1BU 77,145.625000,-,0.600000,Tone,77.0,77.0,023,NN,023,Tone->Tone,FM,5.00,,50W,,,,,
12,R2BU 77,145.650000,-,0.600000,Tone,77.0,77.0,023,NN,023,Tone->Tone,FM,5.00,,50W,,,,,
13,R2VIT 1,145.650000,-,0.600000,Tone,123.0,123.0,023,NN,023,Tone->Tone,FM,5.00,,50W,,,,,
14,R2BU 88,145.650000,-,0.600000,Tone,88.5,88.5,023,NN,023,Tone->Tone,FM,5.00,,50W,,,,,
15,R2CAN 1,145.650000,-,0.600000,Tone,123.0,123.0,023,NN,023,Tone->Tone,FM,5.00,,50W,,,,,
16,R3CAN 6,145.650000,-,0.600000,Tone,67.0,67.0,023,NN,023,Tone->Tone,FM,5.00,,50W,,,,,
17,R3LE,145.675000,-,0.600000,Tone,88.5,88.5,023,NN,023,Tone->Tone,FM,5.00,,50W,,,,,
18,R3NA,145.675000,-,0.600000,Tone,77.0,77.0,023,NN,023,Tone->Tone,FM,5.00,,50W,,,,,
19,R4AV,145.700000,-,0.600000,Tone,71.9,71.9,023,NN,023,Tone->Tone,FM,5.00,,50W,,,,,
20,R4MA,145.700000,-,0.600000,Tone,82.5,82.5,023,NN,023,Tone->Tone,FM,5.00,,50W,,,,,
21,R5LR,145.725000,-,0.600000,Tone,77.0,77.0,023,NN,023,Tone->Tone,FM,5.00,,50W,,,,,
22,R6LR 77,145.750000,-,0.600000,Tone,77.0,77.0,023,NN,023,Tone->Tone,FM,5.00,,50W,,,,,
23,R6GI79,145.750000,-,0.600000,Tone,79.7,79.7,023,NN,023,Tone->Tone,FM,5.00,,50W,,,,,
24,R7VIT 1,145.775000,-,0.600000,Tone,123.0,123.0,023,NN,023,Tone->Tone,FM,5.00,,50W,,,,,
25,R7PA885,145.775000,-,0.600000,Tone,88.5,88.5,023,NN,023,Tone->Tone,FM,5.00,,50W,,,,,
27,M16,156.800000,,0.000000,,88.5,88.5,023,NN,023,Tone->Tone,FM,5.00,,50W,,,,,
28,MPASAJE,161.950000,split,446.081250,,88.5,88.5,023,NN,023,Tone->Tone,FM,5.00,,50W,,,,,
30,PMR1,446.006250,,0.000000,,88.5,88.5,023,NN,023,Tone->Tone,FM,5.00,,50W,,,,,
31,PMR2,446.018750,,0.000000,,88.5,88.5,023,NN,023,Tone->Tone,FM,5.00,,50W,,,,,
32,PMR3,446.031250,,0.000000,,88.5,88.5,023,NN,023,Tone->Tone,FM,5.00,,50W,,,,,
33,PMR4,446.043750,,0.000000,,88.5,88.5,023,NN,023,Tone->Tone,FM,5.00,,50W,,,,,
34,PMR5,446.056250,,0.000000,,88.5,88.5,023,NN,023,Tone->Tone,FM,5.00,,50W,,,,,
35,PMR6,446.068750,,0.000000,,88.5,88.5,023,NN,023,Tone->Tone,FM,5.00,,50W,,,,,
36,PMR7,446.081250,,0.000000,,88.5,88.5,023,NN,023,Tone->Tone,FM,5.00,,50W,,,,,
37,PMR8,446.093750,,0.000000,,88.5,88.5,023,NN,023,Tone->Tone,FM,5.00,,50W,,,,,
39,REMER0,146.625000,-,0.600000,,88.5,88.5,023,NN,023,Tone->Tone,FM,5.00,,50W,,,,,
40,REMER1,146.650000,-,0.600000,,88.5,88.5,023,NN,023,Tone->Tone,FM,5.00,,50W,,,,,
41,REMER2M,146.675000,-,0.600000,,88.5,88.5,023,NN,023,Tone->Tone,FM,5.00,,50W,,,,,
50,SO50-1,436.815000,split,145.850000,Tone,67.0,67.0,023,NN,023,Tone->Tone,FM,5.00,,50W,,,,,
51,SO50-2,436.805000,split,145.850000,Tone,67.0,67.0,023,NN,023,Tone->Tone,FM,5.00,,50W,,,,,
52,SO50-3,436.805000,split,145.850000,Tone,67.0,67.0,023,NN,023,Tone->Tone,FM,5.00,,50W,,,,,
53,SO50-4,436.800000,split,145.850000,Tone,67.0,67.0,023,NN,023,Tone->Tone,FM,5.00,,50W,,,,,
54,SO50-5,436.795000,split,145.850000,Tone,67.0,67.0,023,NN,023,Tone->Tone,FM,5.00,,50W,,,,,
55,SO50-6,436.790000,split,145.850000,Tone,67.0,67.0,023,NN,023,Tone->Tone,FM,5.00,,50W,,,,,
56,SO50-7,436.785000,split,145.850000,Tone,67.0,67.0,023,NN,023,Tone->Tone,FM,5.00,,50W,,,,,
58,AO85-1,145.980000,split,435.160000,Tone,67.0,67.0,023,NN,023,Tone->Tone,FM,5.00,,50W,,,,,
59,AO85-2,145.980000,split,435.165000,Tone,67.0,67.0,023,NN,023,Tone->Tone,FM,5.00,,50W,,,,,
60,AO85-CE,145.980000,split,435.170000,Tone,67.0,67.0,023,NN,023,Tone->Tone,FM,5.00,,50W,,,,,
61,AO85-4,145.980000,split,435.175000,Tone,67.0,67.0,023,NN,023,Tone->Tone,FM,5.00,,50W,,,,,
62,AO85-5,145.980000,split,435.180000,Tone,67.0,67.0,023,NN,023,Tone->Tone,FM,5.00,,50W,,,,,
63,AO85-6,145.980000,split,435.185000,Tone,67.0,67.0,023,NN,023,Tone->Tone,FM,5.00,,50W,,,,,
64,AO85-7,145.980000,split,435.190000,Tone,67.0,67.0,023,NN,023,Tone->Tone,FM,5.00,,50W,,,,,
66,AO-91-1,145.960000,split,435.240000,Tone,67.0,67.0,023,NN,023,Tone->Tone,FM,5.00,,50W,,,,,
67,AO-91-2,145.960000,split,435.245000,Tone,67.0,67.0,023,NN,023,Tone->Tone,FM,5.00,,50W,,,,,
68,AO-91-3,145.960000,split,435.250000,Tone,67.0,67.0,023,NN,023,Tone->Tone,FM,5.00,,50W,,,,,
69,AO-91-4,145.960000,split,435.255000,Tone,67.0,67.0,023,NN,023,Tone->Tone,FM,5.00,,50W,,,,,
70,AO-91-5,145.960000,split,435.260000,Tone,67.0,67.0,023,NN,023,Tone->Tone,FM,5.00,,50W,,,,,
72,AO-92-1,145.880000,split,435.340000,Tone,67.0,67.0,023,NN,023,Tone->Tone,FM,5.00,,50W,,,,,
73,AO-92-2,145.880000,split,435.345000,Tone,67.0,67.0,023,NN,023,Tone->Tone,FM,5.00,,50W,,,,,
74,AO-92-3,145.880000,split,435.350000,Tone,67.0,67.0,023,NN,023,Tone->Tone,FM,5.00,,50W,,,,,
75,AO-92-4,145.875000,split,435.350000,Tone,67.0,67.0,023,NN,023,Tone->Tone,FM,5.00,,50W,,,,,
76,AO-92-5,145.875000,split,435.355000,Tone,67.0,67.0,023,NN,023,Tone->Tone,FM,5.00,,50W,,,,,
77,AO-92-6,145.875000,split,435.360000,Tone,67.0,67.0,023,NN,023,Tone->Tone,FM,5.00,,50W,,,,,
79,RU70BU,438.650000,-,7.600000,Tone,131.8,131.8,023,NN,023,Tone->Tone,FM,5.00,,50W,,,,,
80,R70CAN,438.650000,-,7.600000,,88.5,88.5,023,NN,023,Tone->Tone,FM,5.00,,50W,,,,,
81,RU71CE,438.675000,-,7.600000,Tone,82.5,82.5,023,NN,023,Tone->Tone,FM,5.00,,50W,,,,,
82,R71,438.675000,-,7.600000,,88.5,88.5,023,NN,023,Tone->Tone,FM,5.00,,50W,,,,,
83,RU72BI,438.700000,-,7.600000,,88.5,88.5,023,NN,023,Tone->Tone,FM,5.00,,50W,,,,,
84,RU73A,438.725000,-,7.600000,Tone,79.7,79.7,023,NN,023,Tone->Tone,FM,5.00,,50W,,,,,
85,RU73HU,438.725000,-,7.600000,,88.5,88.5,023,NN,023,Tone->Tone,FM,5.00,,50W,,,,,
86,RU74BI,438.750000,-,7.600000,Tone,77.0,77.0,023,NN,023,Tone->Tone,FM,5.00,,50W,,,,,
87,RU74,438.750000,-,7.600000,,88.5,88.5,023,NN,023,Tone->Tone,FM,5.00,,50W,,,,,
88,R75,438.775000,-,7.600000,,88.5,88.5,023,NN,023,Tone->Tone,FM,5.00,,50W,,,,,
89,R76,438.800000,-,7.600000,,88.5,88.5,023,NN,023,Tone->Tone,FM,5.00,,50W,,,,,
90,R77,438.825000,-,7.600000,,88.5,88.5,023,NN,023,Tone->Tone,FM,5.00,,50W,,,,,
91,R78CAN,438.850000,-,7.600000,,88.5,88.5,023,NN,023,Tone->Tone,FM,5.00,,50W,,,,,
92,RU78AV,438.850000,-,7.600000,Tone,71.9,71.9,023,NN,023,Tone->Tone,FM,5.00,,50W,,,,,
93,R79AST,438.875000,-,7.600000,,88.5,88.5,023,NN,023,Tone->Tone,FM,5.00,,50W,,,,,
94,R80,438.900000,-,7.600000,,88.5,88.5,023,NN,023,Tone->Tone,FM,5.00,,50W,,,,,
95,R81DON,431.325000,+,7.600000,,88.5,88.5,023,NN,023,Tone->Tone,FM,5.00,,50W,,,,,
96,RU82BI,438.950000,-,7.600000,,88.5,88.5,023,NN,023,Tone->Tone,FM,5.00,,50W,,,,,
97,R83AST,438.975000,-,7.600000,,88.5,88.5,023,NN,023,Tone->Tone,FM,5.00,,50W,,,,,
98,R84BI,439.000000,-,7.600000,Tone,77.0,77.0,023,NN,023,Tone->Tone,FM,5.00,,50W,,,,,
99,R85AST,439.025000,-,7.600000,,88.5,88.5,023,NN,023,Tone->Tone,FM,5.00,,50W,,,,,
100,R86,439.050000,-,7.600000,,88.5,88.5,023,NN,023,Tone->Tone,FM,5.00,,50W,,,,,
101,R87AST,439.075000,-,7.600000,,88.5,88.5,023,NN,023,Tone->Tone,FM,5.00,,50W,,,,,
102,R88,439.100000,-,7.600000,,88.5,88.5,023,NN,023,Tone->Tone,FM,5.00,,50W,,,,,
103,R89AST,439.125000,-,7.600000,,88.5,88.5,023,NN,023,Tone->Tone,FM,5.00,,50W,,,,,
104,R90,439.150000,-,7.600000,,88.5,88.5,023,NN,023,Tone->Tone,FM,5.00,,50W,,,,,
105,RU91LE,439.175000,-,7.600000,,88.5,88.5,023,NN,023,Tone->Tone,FM,5.00,,50W,,,,,
106,RU92AV,439.200000,-,7.600000,Tone,82.5,82.5,023,NN,023,Tone->Tone,FM,5.00,,50W,,,,,
107,R92,439.200000,-,7.600000,,88.5,88.5,023,NN,023,Tone->Tone,FM,5.00,,50W,,,,,
108,RU93LE,439.225000,-,7.600000,,88.5,88.5,023,NN,023,Tone->Tone,FM,5.00,,50W,,,,,
109,RU94GI,439.250000,-,7.600000,Tone,88.5,88.5,023,NN,023,Tone->Tone,FM,5.00,,50W,,,,,
110,R94,439.250000,-,7.600000,,88.5,88.5,023,NN,023,Tone->Tone,FM,5.00,,50W,,,,,
111,R95,439.275000,-,7.600000,,88.5,88.5,023,NN,023,Tone->Tone,FM,5.00,,50W,,,,,
112,R96,439.300000,-,7.600000,,88.5,88.5,023,NN,023,Tone->Tone,FM,5.00,,50W,,,,,
113,R97,439.325000,-,7.600000,,88.5,88.5,023,NN,023,Tone->Tone,FM,5.00,,50W,,,,,
114,R98NA,439.350000,-,7.600000,,88.5,88.5,023,NN,023,Tone->Tone,FM,5.00,,50W,,,,,
115,R99,439.375000,-,7.600000,,88.5,88.5,023,NN,023,Tone->Tone,FM,5.00,,50W,,,,,
116,R100BI,439.400000,-,7.600000,,88.5,88.5,023,NN,023,Tone->Tone,FM,5.00,,50W,,,,,
117,R101,439.425000,-,7.600000,,88.5,88.5,023,NN,023,Tone->Tone,FM,5.00,,50W,,,,,
122,ISS-V,145.800000,,0.000000,,88.5,88.5,023,NN,023,Tone->Tone,FM,5.00,,50W,,,,,
123,ISS-P,145.825000,,0.000000,,88.5,88.5,023,NN,023,Tone->Tone,FM,5.00,,50W,,,,,
124,ISS,437.560000,-,0.020000,,88.5,88.5,023,NN,023,Tone->Tone,FM,5.00,,50W,,,,,
125,ISS,437.555000,-,0.010000,,88.5,88.5,023,NN,023,Tone->Tone,FM,5.00,,50W,,,,,
126,ISS,437.550000,,0.000000,,88.5,88.5,023,NN,023,Tone->Tone,FM,5.00,,50W,,,,,
127,ISS,437.545000,+,0.010000,,88.5,88.5,023,NN,023,Tone->Tone,FM,5.00,,50W,,,,,
128,ISS,437.540000,+,0.020000,,88.5,88.5,023,NN,023,Tone->Tone,FM,5.00,,50W,,,,,
200,Larrun,51.850000,-,0.600000,,88.5,88.5,023,NN,023,Tone->Tone,FM,5.00,,50W,,,,,
